Title,Type,Tags,Variant Price,SEO Description,product_type,variant_type
Hiketron 5X Ultra Concentrated | Long Lasting Scented Liquid Laundry Detergent | Removes Tough Stains | Machine Friendly | Staycation Bundle,Laundry Detergent,"Bold Man Detergent, Bundles, Detergent for men, Environmentally Friendly Detergent, Enzyme Laundry Detergent, laundry detergent for men, Long Lasting Scented Detergent, Luxurious Laundry Detergents, New, New Products, ON SALE, Sale, Sensitive Skin Laundry Detergent, Voguish Man Laundry Detergent",199.96,"Staycation Laundry Detergent Bundle: Cotton Fresh, Royal Linen, Tropical Passion , Energize,  Paradise", Staycation Bundle,80 fl oz
Hiketron 5X Ultra Concentrated | Long Lasting Scented Liquid Laundry Detergent | Removes Tough Stains | Machine Friendly | Sample Packs,Laundry Detergent,"Bold Man Detergent, Clear & Powerful, Cotton Fresh Laundry Detergent, Dainty Fresh for Babies, Detergent for men, Detergent Samples, Environmentally Friendly Detergent, Enzyme Laundry Detergent, Hiketron Samples, laundry detergent for men, Laundry Detergent Samples, laundry Samples, Long Lasting Scented Detergent, Luxurious Laundry Detergents, Mambo man detergent, New Products, ON SALE, Safe babies laundry detergent, Samples, Sensitive Skin Laundry Detergent",19.99,Are you unsure of what laundry detergent is the perfect fit for your lifestyle? try any of our sample packs.  , Sample Packs,40 fl oz
Hiketron 5X Ultra Concentrated | Long Lasting Scented Liquid Laundry Detergent | Removes Tough Stains | Machine Friendly | Sample Packs,Laundry Detergent,"Bold Man Detergent, Clear & Powerful, Cotton Fresh Laundry Detergent, Dainty Fresh for Babies, Detergent for men, Detergent Samples, Environmentally Friendly Detergent, Enzyme Laundry Detergent, Hiketron Samples, laundry detergent for men, Laundry Detergent Samples, laundry Samples, Long Lasting Scented Detergent, Luxurious Laundry Detergents, Mambo man detergent, New Products, ON SALE, Safe babies laundry detergent, Samples, Sensitive Skin Laundry Detergent",24.99,Are you unsure of what laundry detergent is the perfect fit for your lifestyle? try any of our sample packs.  , Sample Packs,40 fl oz
Hiketron 5X Ultra Concentrated | Long Lasting Scented Liquid Laundry Detergent | Removes Tough Stains | Machine Friendly | Sample Packs,Laundry Detergent,"Bold Man Detergent, Clear & Powerful, Cotton Fresh Laundry Detergent, Dainty Fresh for Babies, Detergent for men, Detergent Samples, Environmentally Friendly Detergent, Enzyme Laundry Detergent, Hiketron Samples, laundry detergent for men, Laundry Detergent Samples, laundry Samples, Long Lasting Scented Detergent, Luxurious Laundry Detergents, Mambo man detergent, New Products, ON SALE, Safe babies laundry detergent, Samples, Sensitive Skin Laundry Detergent",39.99,Are you unsure of what laundry detergent is the perfect fit for your lifestyle? try any of our sample packs.  , Sample Packs,40 fl oz
Hiketron 5X Ultra Concentrated | Long Lasting Scented Liquid Laundry Detergent | Removes Tough Stains | Machine Friendly | Sample Packs,Laundry Detergent,"Bold Man Detergent, Clear & Powerful, Cotton Fresh Laundry Detergent, Dainty Fresh for Babies, Detergent for men, Detergent Samples, Environmentally Friendly Detergent, Enzyme Laundry Detergent, Hiketron Samples, laundry detergent for men, Laundry Detergent Samples, laundry Samples, Long Lasting Scented Detergent, Luxurious Laundry Detergents, Mambo man detergent, New Products, ON SALE, Safe babies laundry detergent, Samples, Sensitive Skin Laundry Detergent",49.99,Are you unsure of what laundry detergent is the perfect fit for your lifestyle? try any of our sample packs.  , Sample Packs,40 fl oz
Hiketron 5X Ultra Concentrated | Long Lasting Scented Liquid Laundry Detergent | Removes Tough Stains | Machine Friendly | Voguish Man,Laundry Detergent,"Bold Man Detergent, Detergent for men, Environmentally Friendly Detergent, laundry detergent for men, Long Lasting Scented Detergent, masculine laundry detergent, Sensitive Skin Laundry Detergent, wood scented laundry detergent",49.99,Our Voguish Man laundry detergent formulation is crafted to deliver a long-lasting fragrance on all your fabrics. , Voguish Man,80 fl oz
Hiketron 5X Ultra Concentrated | Long Lasting Scented Liquid Laundry Detergent | Removes Tough Stains | Machine Friendly | Voguish Man,Laundry Detergent,"Bold Man Detergent, Detergent for men, Environmentally Friendly Detergent, laundry detergent for men, Long Lasting Scented Detergent, masculine laundry detergent, Sensitive Skin Laundry Detergent, wood scented laundry detergent",96.98,Our Voguish Man laundry detergent formulation is crafted to deliver a long-lasting fragrance on all your fabrics. , Voguish Man,80 fl oz
Hiketron 5X Ultra Concentrated | Long Lasting Scented Liquid Laundry Detergent | Removes Tough Stains | Machine Friendly | Masculine Scents Bundle,Laundry Detergent,"Bold Man Detergent, Bundles, Detergent for men, Environmentally Friendly Detergent, Enzyme Laundry Detergent, laundry detergent for men, Long Lasting Scented Detergent, Luxurious Laundry Detergents, New, New Products, ON SALE, Sale, Sensitive Skin Laundry Detergent, Voguish Man Laundry Detergent",179.97,Our masculine laundry detergents are crafted to deliver a long-lasting fragrance on all your fabrics. Enjoy all our sophisticated scents, Masculine Scents Bundle,80 fl oz
Hiketron 5X Ultra Concentrated | Long Lasting Scented Liquid Laundry Detergent | Removes Tough Stains | Machine Friendly | Tropical Passion,Laundry Detergent,"Cotton Fresh Laundry Detergent, Environmentally Friendly Detergent, Enzyme Laundry Detergent, Long Lasting Scented Detergent, Natural Detergent, New, New Products, paradise Laundry Detergent, Sensitive Skin Laundry Detergent, Tropical Passion Laundry Detergent",49.99,Our Tropical Passion liquid laundry detergent formulation is crafted to deliver a long-lasting tropical scent on all your fabrics., Tropical Passion,80 fl oz
Hiketron 5X Ultra Concentrated | Long Lasting Scented Liquid Laundry Detergent | Removes Tough Stains | Machine Friendly | Tropical Passion,Laundry Detergent,"Cotton Fresh Laundry Detergent, Environmentally Friendly Detergent, Enzyme Laundry Detergent, Long Lasting Scented Detergent, Natural Detergent, New, New Products, paradise Laundry Detergent, Sensitive Skin Laundry Detergent, Tropical Passion Laundry Detergent",89.98,Our Tropical Passion liquid laundry detergent formulation is crafted to deliver a long-lasting tropical scent on all your fabrics., Tropical Passion,80 fl oz
Hiketron 5X Ultra Concentrated | Long Lasting Scented Liquid Laundry Detergent | Removes Tough Stains | Machine Friendly | Paradise,Laundry Detergent,"Cotton Fresh Laundry Detergent, Environmentally Friendly Detergent, Enzyme Laundry Detergent, Long Lasting Scented Detergent, Natural Detergent, New, New Products, paradise Laundry Detergent, Sensitive Skin Laundry Detergent",49.99,Our paradise liquid laundry detergent formulation is crafted to deliver a lasting fragrance on all your fabrics. , Paradise,80 fl oz
Hiketron 5X Ultra Concentrated | Long Lasting Scented Liquid Laundry Detergent | Removes Tough Stains | Machine Friendly | Paradise,Laundry Detergent,"Cotton Fresh Laundry Detergent, Environmentally Friendly Detergent, Enzyme Laundry Detergent, Long Lasting Scented Detergent, Natural Detergent, New, New Products, paradise Laundry Detergent, Sensitive Skin Laundry Detergent",89.98,Our paradise liquid laundry detergent formulation is crafted to deliver a lasting fragrance on all your fabrics. , Paradise,80 fl oz
Hiketron 5X Ultra Concentrated | Long Lasting Scented Liquid Laundry Detergent | Removes Tough Stains | Machine Friendly | Energize,Laundry Detergent,"Cotton Fresh Laundry Detergent, Energize Laundry Detergent, Environmentally Friendly Detergent, Enzyme Laundry Detergent, Long Lasting Scented Detergent, New, New Products, Sensitive Skin Laundry Detergent",49.99,Shop high quality best smelling laundry detergent online from hiketron we offers best discounts in United States on a best smelling laundry detergent., Energize,80 fl oz
Hiketron 5X Ultra Concentrated | Long Lasting Scented Liquid Laundry Detergent | Removes Tough Stains | Machine Friendly | Energize,Laundry Detergent,"Cotton Fresh Laundry Detergent, Energize Laundry Detergent, Environmentally Friendly Detergent, Enzyme Laundry Detergent, Long Lasting Scented Detergent, New, New Products, Sensitive Skin Laundry Detergent",89.98,Shop high quality best smelling laundry detergent online from hiketron we offers best discounts in United States on a best smelling laundry detergent., Energize,80 fl oz
Hiketron 5X Ultra Concentrated | Liquid Laundry Detergent | Removes Tough Stains | Machine Friendly | Natural Enzymes | Dainty Fresh for Pets,Laundry Detergent,"Dainty Fresh for Babies, Dainty Fresh for Pets, Environmentally Friendly Detergent, Enzyme Laundry Detergent, ON SALE, Pet Friendly Detergents, Safe babies laundry detergent, Sensitive Skin Laundry Detergent",49.99,"Dainty Fresh for Pets is 5X Ultra concentrated biodegradable, hypoallergenic liquid laundry detergent crafted pets.", Dainty Fresh for Pets,80 fl oz
Hiketron 5X Ultra Concentrated | Liquid Laundry Detergent | Removes Tough Stains | Machine Friendly | Natural Enzymes | Dainty Fresh for Pets,Laundry Detergent,"Dainty Fresh for Babies, Dainty Fresh for Pets, Environmentally Friendly Detergent, Enzyme Laundry Detergent, ON SALE, Pet Friendly Detergents, Safe babies laundry detergent, Sensitive Skin Laundry Detergent",89.98,"Dainty Fresh for Pets is 5X Ultra concentrated biodegradable, hypoallergenic liquid laundry detergent crafted pets.", Dainty Fresh for Pets,80 fl oz
Hiketron 5X Ultra Concentrated | Scent Free Liquid Laundry Detergent | Removes Tough Stains | Machine Friendly | Natural Enzymes | Dainty Fresh for Babies,Laundry Detergent,"Dainty Fresh for Babies, Environmentally Friendly Detergent, Enzyme Laundry Detergent, ON SALE, Safe babies laundry detergent, Sensitive Skin Laundry Detergent",49.99,"Dainty Fresh for Babies is 5X Ultra concentrated biodegradable, liquid laundry detergent crafted for babies. ", Dainty Fresh for Babies,80 fl oz
Hiketron 5X Ultra Concentrated | Scent Free Liquid Laundry Detergent | Removes Tough Stains | Machine Friendly | Natural Enzymes | Dainty Fresh for Babies,Laundry Detergent,"Dainty Fresh for Babies, Environmentally Friendly Detergent, Enzyme Laundry Detergent, ON SALE, Safe babies laundry detergent, Sensitive Skin Laundry Detergent",89.98,"Dainty Fresh for Babies is 5X Ultra concentrated biodegradable, liquid laundry detergent crafted for babies. ", Dainty Fresh for Babies,80 fl oz
Hiketron 5X Ultra Concentrated | Long Lasting Scented Liquid Laundry Detergent | Removes Tough Stains | Machine Friendly | Suit Up,Laundry Detergent,"Detergent for men, Environmentally Friendly Detergent, laundry detergent for men, Long Lasting Scented Detergent, Luxurious Laundry Detergents, Mambo man detergent, Sensitive Skin Laundry Detergent, SUit Up Laundry Detergent",49.99,Our Suit Up liquid laundry detergent formulation is crafted specifically for sophisticated men with an outgoing life style. , Suit Up,80 fl oz
Hiketron 5X Ultra Concentrated | Long Lasting Scented Liquid Laundry Detergent | Removes Tough Stains | Machine Friendly | Suit Up,Laundry Detergent,"Detergent for men, Environmentally Friendly Detergent, laundry detergent for men, Long Lasting Scented Detergent, Luxurious Laundry Detergents, Mambo man detergent, Sensitive Skin Laundry Detergent, SUit Up Laundry Detergent",96.98,Our Suit Up liquid laundry detergent formulation is crafted specifically for sophisticated men with an outgoing life style. , Suit Up,80 fl oz
Hiketron 5X Ultra Concentrated | Long Lasting Scented Liquid Laundry Detergent | Removes Tough Stains | Machine Friendly | Mambo Man,Laundry Detergent,"Bold Man Detergent, Detergent for men, Environmentally Friendly Detergent, laundry detergent for men, Long Lasting Scented Detergent, Luxurious Laundry Detergents, Mambo man detergent, Sensitive Skin Laundry Detergent",49.99,Shop high quality best liquid laundry detergent online from hiketron we offers best discounts in United States on a best liquid laundry detergent., Mambo Man,80 fl oz
Hiketron 5X Ultra Concentrated | Long Lasting Scented Liquid Laundry Detergent | Removes Tough Stains | Machine Friendly | Mambo Man,Laundry Detergent,"Bold Man Detergent, Detergent for men, Environmentally Friendly Detergent, laundry detergent for men, Long Lasting Scented Detergent, Luxurious Laundry Detergents, Mambo man detergent, Sensitive Skin Laundry Detergent",96.98,Shop high quality best liquid laundry detergent online from hiketron we offers best discounts in United States on a best liquid laundry detergent., Mambo Man,80 fl oz
Hiketron 5X Ultra Concentrated | Long Lasting Scented Liquid Laundry Detergent | Removes Tough Stains | Machine Friendly | Bold Man,Laundry Detergent,"Bold Man Detergent, Detergent for men, Environmentally Friendly Detergent, laundry detergent for men, Long Lasting Scented Detergent, masculine laundry detergent, Sensitive Skin Laundry Detergent, wood scented laundry detergent",49.99,Our Bold Men liquid laundry detergent formulation is crafted specifically for men to deliver a long-lasting masculine fragrance on all your apparel. , Bold Man,80 fl oz
Hiketron 5X Ultra Concentrated | Long Lasting Scented Liquid Laundry Detergent | Removes Tough Stains | Machine Friendly | Bold Man,Laundry Detergent,"Bold Man Detergent, Detergent for men, Environmentally Friendly Detergent, laundry detergent for men, Long Lasting Scented Detergent, masculine laundry detergent, Sensitive Skin Laundry Detergent, wood scented laundry detergent",96.98,Our Bold Men liquid laundry detergent formulation is crafted specifically for men to deliver a long-lasting masculine fragrance on all your apparel. , Bold Man,80 fl oz
Hiketron 5X Ultra Concentrated | Long Lasting Scented Liquid Laundry Detergent | Removes Tough Stains | Machine Friendly | Cotton Fresh,Laundry Detergent,"Cotton Fresh Laundry Detergent, Environmentally Friendly Detergent, Enzyme Laundry Detergent, Long Lasting Scented Detergent, Sensitive Skin Laundry Detergent",49.99,Our cotton fresh concentrated liquid laundry detergent formulation is crafted to deliver a lasting fragrance on all your fabrics. , Cotton Fresh,80 fl oz
Hiketron 5X Ultra Concentrated | Long Lasting Scented Liquid Laundry Detergent | Removes Tough Stains | Machine Friendly | Cotton Fresh,Laundry Detergent,"Cotton Fresh Laundry Detergent, Environmentally Friendly Detergent, Enzyme Laundry Detergent, Long Lasting Scented Detergent, Sensitive Skin Laundry Detergent",96.98,Our cotton fresh concentrated liquid laundry detergent formulation is crafted to deliver a lasting fragrance on all your fabrics. , Cotton Fresh,80 fl oz
Hiketron 5X Ultra Concentrated | Long Lasting Scented Liquid Laundry Detergent | Removes Tough Stains | Machine Friendly | Royal Linen,Laundry Detergent,"Environmentally Friendly Detergent, Enzyme Laundry Detergent, Long Lasting Scented Detergent, Royal Linen Detergent, Sensitive Skin Laundry Detergent",49.99,Our royal linen liquid laundry detergent formulation is crafted to deliver a lasting fragrance on all your fabrics. , Royal Linen,80 fl oz
Hiketron 5X Ultra Concentrated | Long Lasting Scented Liquid Laundry Detergent | Removes Tough Stains | Machine Friendly | Royal Linen,Laundry Detergent,"Environmentally Friendly Detergent, Enzyme Laundry Detergent, Long Lasting Scented Detergent, Royal Linen Detergent, Sensitive Skin Laundry Detergent",96.98,Our royal linen liquid laundry detergent formulation is crafted to deliver a lasting fragrance on all your fabrics. , Royal Linen,80 fl oz
Hiketron 5X Ultra Concentrated | Scent Free Liquid Laundry Detergent | Removes Tough Stains | Machine Friendly | Natural Enzymes | Clear & Powerful,Laundry Detergent,"Clear & Powerful, Environmentally Friendly Detergent, Enzyme Laundry Detergent, ON SALE, Sensitive Skin Laundry Detergent",39.99,"Our 5x Clear & Powerful liquid laundry detergent  is crafted with biodegradable plant derived ingredients, safe synthetic polymers and 6 bio-enzymes. ", Clear & Powerful,80 fl oz
Hiketron 5X Ultra Concentrated | Scent Free Liquid Laundry Detergent | Removes Tough Stains | Machine Friendly | Natural Enzymes | Clear & Powerful,Laundry Detergent,"Clear & Powerful, Environmentally Friendly Detergent, Enzyme Laundry Detergent, ON SALE, Sensitive Skin Laundry Detergent",69.98,"Our 5x Clear & Powerful liquid laundry detergent  is crafted with biodegradable plant derived ingredients, safe synthetic polymers and 6 bio-enzymes. ", Clear & Powerful,80 fl oz
